trip_id,day,injected_fault,_has_can,distance_km,payload_t,avg_speed_kph,avg_speed_moving_kph,max_speed_kph,idle_time_pct,idle_s_per_100km,harsh_accel_per_100km,harsh_brake_per_100km,roll_kwh_per_km,aero_kwh_per_km,traction_kwh_per_km,eta_engine_est,baseline_pred,residual_total_pct,residual_peer_pct,primary_attrib,anomaly_score,flagged,driver_score,target_L_or_kWh_per_100km
T000-1,0,aggressive_driving,True,32.16,32.9423,53.157,55.789,88.1055,4.7335,320.5846,0.0,0.0,0.673,0.3672,1.6568,0.3601,48.4644,3.6425,12.2205,待人工判定,0.5594,True,69.3607,50.2964
T000-2,0,normal,True,30.625,15.5048,49.2958,52.0231,86.8281,5.2759,385.3061,0.0,0.0,0.3167,0.3275,0.8773,0.3353,30.1256,-4.7959,0.1482,,0.457,False,94.2656,28.7469
T001-1,1,aggressive_driving,False,34.5092,21.0725,57.04,58.9603,90.4586,3.2689,206.3217,0.0,0.0,0.4304,0.4239,1.2048,0.3564,32.7283,11.4039,1.7338,驾驶行为主导,0.6886,True,55.0,36.941
T001-2,1,aggressive_driving,False,31.7757,29.826,52.5218,56.0921,88.3538,6.4001,438.7002,3.1471,0.0,0.6092,0.3743,1.528,0.3589,46.3872,0.5414,8.727,,0.4806,False,58.3625,46.6397
T002-1,2,normal,False,31.4056,22.6731,50.3698,53.1772,85.7995,5.3103,379.5505,3.1842,0.0,0.4631,0.3382,1.1668,0.3523,36.6032,-0.8035,-6.6226,,0.4201,False,81.48,36.3115
T002-2,2,normal,False,30.4893,34.0209,48.811,51.5761,83.8534,5.394,397.8449,0.0,0.0,0.6949,0.3204,1.5169,0.3482,49.3806,-3.5359,3.2221,,0.4518,False,100.0,47.6942
T003-1,3,normal,False,31.3827,24.9827,50.2123,52.9648,85.3314,5.2264,374.7287,0.0,0.0,0.5103,0.3388,1.2586,0.3547,37.9188,2.4891,7.0922,,0.4498,False,77.9648,38.8868
T003-2,3,normal,False,30.9163,30.3441,49.4287,52.2528,80.9427,5.4401,396.2312,0.0,0.0,0.6198,0.3302,1.4884,0.3547,45.898,0.1187,4.873,,0.4102,False,89.2858,45.9526
T004-1,4,normal,False,31.2413,25.2421,50.1377,53.1002,85.1905,5.6123,402.9916,0.0,0.0,0.5156,0.3392,1.3098,0.3552,42.2332,-4.4849,-0.5119,,0.3834,False,97.5278,40.4204
T004-2,4,normal,False,31.1317,30.0518,50.1293,52.8438,84.4302,5.1659,371.0044,0.0,0.0,0.6138,0.3365,1.5192,0.3599,45.187,2.2041,5.4501,,0.4103,False,79.0044,46.2054
T005-1,5,tire_pressure_low,True,31.1,23.1998,49.8664,52.6761,79.9883,5.3623,387.1383,0.0,0.0,0.4739,0.3342,1.1986,0.3233,36.1016,11.1419,12.5921,车辆状况主导,0.4802,True,51.8338,40.6283
T005-2,5,normal,False,31.5254,19.756,49.882,52.7259,86.6463,5.4279,391.7476,0.0,0.0,0.4035,0.3378,1.0512,0.3437,32.8721,2.0567,-5.6344,,0.4244,False,81.7733,33.5624
T006-1,6,normal,False,31.1923,28.7327,49.6473,52.58,80.089,5.6103,406.831,0.0,0.0,0.5869,0.3362,1.454,0.3585,45.1294,-1.5721,3.7739,,0.4028,False,97.5511,44.4309
T006-2,6,tire_pressure_low,False,31.1315,28.7988,49.6032,52.4945,84.5827,5.5455,402.4862,3.2122,0.0,0.5882,0.3375,1.1785,0.3095,40.1746,3.6996,-6.1058,驾驶行为与车辆状况共同作用,0.4268,True,52.2284,41.718
T007-1,7,tire_pressure_low,False,31.0101,25.4282,49.8155,52.189,80.1146,4.5736,330.537,0.0,0.0,0.5194,0.337,1.2507,0.3214,41.1996,3.2667,9.5255,车辆状况主导,0.4504,True,74.5122,42.5909
T007-2,7,aggressive_driving,False,31.19,34.0878,51.5538,53.9365,84.082,4.4351,309.7142,0.0,0.0,0.6963,0.3428,1.6855,0.3629,48.0965,5.2788,11.0718,,0.4814,False,58.5035,50.777
T008-1,8,normal,False,31.0483,33.812,49.114,51.8334,83.9162,5.277,386.8171,0.0,0.0,0.6906,0.325,1.6238,0.3551,46.8007,6.472,11.6465,,0.4454,False,55.0,50.0392
T008-2,8,normal,False,31.3373,22.1689,50.1152,52.8514,85.9473,5.2061,373.9951,0.0,0.0,0.4528,0.3364,1.1487,0.3502,36.274,-0.8891,2.0452,,0.4099,False,100.0,35.9543
T009-1,9,normal,False,31.3712,24.8207,49.7539,52.2078,85.2717,4.7269,342.0332,0.0,0.0,0.507,0.3374,1.0315,0.3449,38.5554,-17.6113,-18.8973,,0.4841,False,100.0,32.782
T009-2,9,normal,False,31.2083,30.9454,49.5959,52.3147,81.1004,5.2265,379.3869,0.0,0.0,0.6321,0.3319,1.2468,0.3462,41.8072,-5.9635,-11.2008,,0.4506,False,100.0,39.4543
T010-1,10,normal,False,30.2865,17.4951,48.7225,51.5989,78.1152,5.6079,414.3766,0.0,0.0,0.3573,0.3213,0.8664,0.3384,29.6873,-5.4819,-13.2451,,0.4207,False,91.3012,28.1445
T010-2,10,normal,False,31.1401,27.0876,49.993,52.7693,84.8392,5.2932,381.1804,0.0,0.0,0.5533,0.3399,1.3891,0.3585,41.9769,1.1062,2.4142,,0.4201,False,87.574,42.4464
T011-1,11,aggressive_driving,False,30.4172,20.5761,50.2763,53.3372,84.5816,5.7665,412.9248,3.2876,0.0,0.4203,0.3372,1.0595,0.348,35.3052,-5.6331,-1.8673,,0.4821,False,72.2736,33.4225
T011-2,11,normal,False,30.7095,32.8631,49.1571,51.8886,83.5541,5.2955,387.8276,0.0,0.0,0.6712,0.3214,1.4984,0.3482,48.2872,-2.502,1.9546,,0.4259,False,100.0,47.1085
T012-1,12,normal,False,31.218,29.7036,49.4934,52.552,80.1005,5.857,426.0369,0.0,0.0,0.6067,0.3344,1.4961,0.3586,45.5157,0.4369,6.5726,,0.3726,False,86.6592,45.7155
T012-2,12,normal,False,30.6005,34.4377,49.0523,51.708,80.1097,5.165,379.0793,0.0,0.0,0.7034,0.3192,1.4466,0.3478,47.5981,-4.5377,1.5901,,0.4752,False,100.0,45.532
T013-1,13,normal,False,31.3701,18.5059,49.7696,52.6334,86.6733,5.4733,395.9187,0.0,0.0,0.378,0.3347,1.0236,0.346,32.1113,1.1254,-4.5822,,0.3905,False,84.0909,32.4768
T013-2,13,normal,False,30.2213,28.1221,48.4509,51.2916,82.1911,5.5709,413.9471,0.0,0.0,0.5744,0.3171,1.299,0.3456,41.8919,-1.7036,-4.3254,,0.4044,False,93.2216,41.1902
T014-1,14,normal,False,30.8532,32.4539,49.5633,52.3412,84.0247,5.3411,387.9668,0.0,0.0,0.6629,0.3324,1.3046,0.3458,41.997,-1.6087,-7.7805,,0.4276,False,100.0,41.3321
T014-2,14,normal,False,31.5281,21.7294,49.9169,52.7851,86.0583,5.4664,394.2515,0.0,0.0,0.4438,0.3388,1.1585,0.3516,36.5158,-1.0464,2.9739,,0.4147,False,99.2785,36.1376
T015-1,15,normal,False,31.3689,20.2859,50.2706,53.0018,86.4606,5.1814,371.0687,0.0,0.0,0.4143,0.3385,1.081,0.3483,33.6834,1.0373,-3.0135,,0.4088,False,88.3115,34.0364
T015-2,15,excessive_idling,False,28.9809,29.0666,36.5599,49.958,79.7775,26.8484,2643.8131,0.0,0.0,0.5937,0.3032,1.3017,0.3421,40.9835,4.9733,-4.9097,驾驶行为主导,0.5427,True,44.0255,43.1284
T016-1,16,normal,False,30.3005,19.7452,47.9333,50.7472,83.4626,5.5761,418.8045,0.0,0.0,0.4033,0.3111,0.888,0.3413,28.9094,-1.0869,-14.433,,0.4396,False,93.0824,28.5986
T016-2,16,normal,False,31.0977,25.7859,50.0231,52.6939,85.0747,5.1025,367.2299,0.0,0.0,0.5267,0.3324,1.2274,0.3452,41.8278,-7.3754,-3.6259,,0.4025,False,100.0,38.9548
T017-1,17,normal,False,31.2583,14.8529,49.5028,52.4891,80.0765,5.723,416.2097,3.1992,0.0,0.3034,0.3363,0.8654,0.3314,32.4608,-13.0864,1.2747,,0.4263,False,78.1995,28.7044
T017-2,17,tire_pressure_low,False,31.0872,21.7384,49.6094,52.7776,80.137,6.0372,438.1228,0.0,0.0,0.444,0.3374,1.0018,0.3134,33.3336,5.0094,-0.4037,车辆状况主导,0.4153,True,56.2303,35.0915
T018-1,18,aggressive_driving,False,34.6525,17.4883,57.2768,60.0174,96.0926,4.5912,288.5797,0.0,0.0,0.3572,0.4238,1.0512,0.3548,30.9732,4.5294,-3.3363,驾驶行为主导,0.6474,True,66.7695,32.4427
T018-2,18,normal,False,31.4376,22.3293,49.8218,52.6451,85.4146,5.3968,389.9791,0.0,0.0,0.4561,0.3364,1.1502,0.3496,37.2585,-3.2534,0.3622,,0.4155,False,100.0,36.0846
T019-1,19,normal,False,31.2827,24.2005,49.8905,52.5594,80.1228,5.1121,368.8934,0.0,0.0,0.4943,0.333,1.0769,0.3423,35.7325,-3.5818,-4.0535,,0.4046,False,100.0,34.4969
T019-2,19,normal,False,30.1842,22.2844,48.1214,50.9198,82.8847,5.5265,413.4619,3.313,0.0,0.4552,0.3139,1.0712,0.3452,35.1314,-3.1502,-4.2398,,0.4332,False,74.7644,34.0584
T020-1,20,normal,False,31.3457,22.3227,49.7572,52.8248,85.898,5.8422,422.7058,0.0,0.0,0.4559,0.3376,1.0154,0.3419,33.241,-1.9322,-7.0689,,0.3998,False,94.7692,32.6109
T020-2,20,combustion_degraded,False,31.0585,16.3207,49.7025,52.7146,80.0917,5.7519,416.6327,3.2197,0.0,0.3334,0.3365,0.9129,0.3093,29.9263,7.7526,13.0188,驾驶行为与车辆状况共同作用,0.3986,True,32.8525,32.4414
T021-1,21,normal,False,31.0015,32.707,49.2564,52.0575,80.093,5.4151,395.7879,0.0,0.0,0.6681,0.3294,1.3122,0.3457,40.9196,1.6016,-3.0549,,0.4396,False,84.7622,41.5857
T021-2,21,aggressive_driving,False,32.5469,24.7342,53.7966,56.8152,88.3866,5.3349,357.023,0.0,0.0,0.5052,0.3729,1.2977,0.3576,39.6334,0.2757,-4.5315,,0.5556,False,89.3138,39.743
T022-1,22,normal,False,31.2013,16.754,50.1025,53.1041,87.9003,5.6869,408.6367,0.0,0.0,0.3422,0.3413,0.9322,0.3343,29.6098,3.3379,-5.6795,,0.4243,False,70.7098,30.6323
T022-2,22,tire_pressure_low,False,31.1606,29.8112,49.9458,52.6223,84.4066,5.1155,368.7346,0.0,0.0,0.6089,0.3358,1.2213,0.3117,42.0383,1.9997,-3.4544,车辆状况主导,0.4003,True,82.4072,42.8961
T023-1,23,normal,False,31.1328,22.4136,50.2165,53.2555,85.7739,5.7392,411.463,0.0,0.0,0.4578,0.3378,1.1016,0.3458,32.513,6.9831,-10.1844,,0.4241,False,51.0041,34.9539
T023-2,23,normal,False,31.086,15.4323,49.773,52.9616,88.5106,6.0574,438.1397,3.2169,0.0,0.3152,0.3387,0.8392,0.3367,28.1763,-2.7344,-4.5937,,0.4051,False,73.6531,27.4264
T024-1,24,combustion_degraded,False,31.2425,23.3342,49.6219,52.4938,80.1106,5.5058,399.4556,0.0,0.0,0.4766,0.3367,1.2239,0.321,36.2278,13.3286,15.8365,车辆状况主导,0.4202,True,53.8054,41.7991
T024-2,24,normal,False,31.1123,29.7064,49.2977,52.1108,84.4522,5.4311,396.6277,0.0,0.0,0.6068,0.3326,1.454,0.3553,44.4949,0.7239,4.4834,,0.429,False,89.9959,44.8193
T025-1,25,excessive_idling,False,31.1637,14.5143,39.2133,52.0384,80.0841,24.6828,2266.0997,0.0,0.0,0.2964,0.3361,0.7972,0.3313,29.7632,-7.5826,-14.7219,驾驶行为主导,0.5248,True,80.0,27.6654
T025-2,25,normal,False,31.3897,28.3061,50.0145,52.7592,84.5811,5.2312,376.5571,0.0,0.0,0.5782,0.3379,1.3948,0.3583,41.2126,3.3247,9.5395,,0.4157,False,74.1805,42.63
T026-1,26,normal,False,31.273,27.708,49.7956,52.6065,84.3353,5.3782,388.8339,0.0,0.0,0.566,0.3385,1.352,0.3559,42.9549,-3.1841,1.0663,,0.408,False,99.8314,41.6294
T026-2,26,combustion_degraded,False,31.3045,17.1823,49.7072,52.7357,80.0956,5.7778,418.4701,0.0,0.0,0.351,0.3359,0.9781,0.3104,31.8416,8.0089,6.6963,车辆状况主导,0.3948,True,50.5415,34.6138
T027-1,27,tire_pressure_low,False,31.2158,20.0085,49.8766,52.3155,80.1096,4.6911,338.6102,0.0,0.0,0.4087,0.3346,0.9315,0.3127,29.3547,10.1388,-6.9098,车辆状况主导,0.4295,True,55.0,32.6667
T027-2,27,normal,False,31.2864,20.7852,49.9516,52.7911,86.1421,5.4104,389.9461,0.0,0.0,0.4246,0.3375,1.1243,0.3514,33.8091,3.6613,-2.3929,,0.4694,False,67.5351,35.094
T028-1,28,normal,False,28.9298,33.0818,46.4445,49.262,78.562,5.7525,445.9072,0.0,0.0,0.6757,0.2872,1.4341,0.3465,48.7171,-7.4122,-0.3882,,0.5368,False,91.2787,45.3552
T028-2,28,excessive_idling,False,30.9799,26.9805,38.7397,52.1661,80.1143,25.7694,2394.7752,0.0,0.0,0.5511,0.3306,1.2669,0.3464,41.9105,-1.3201,0.0006,驾驶行为主导,0.4875,True,80.0,41.3644
T029-1,29,normal,False,31.4112,17.6367,50.4214,53.1728,87.4783,5.2033,371.5241,0.0,0.0,0.3602,0.3405,0.8481,0.3383,29.5729,-7.3943,-15.704,,0.4497,False,99.4311,27.5368
T029-2,29,normal,False,30.6101,30.3586,49.3712,52.1336,80.1216,5.3313,388.7601,0.0,0.0,0.6201,0.3267,1.3042,0.3454,42.8618,-3.6205,-9.1536,,0.4123,False,100.0,41.3642
T030-1,30,normal,False,30.9707,22.1908,49.83,52.6285,85.9886,5.3495,386.4939,0.0,0.0,0.4533,0.3391,1.1274,0.3476,33.3294,6.2897,1.7522,,0.4273,False,54.2544,35.5664
T030-2,30,normal,False,30.6878,31.5274,49.0089,51.7274,84.1324,5.2921,388.7543,0.0,0.0,0.6439,0.3243,1.3399,0.3458,44.469,-4.7762,-6.7866,,0.4292,False,100.0,42.4419
T031-1,31,normal,False,31.2409,26.3175,49.7444,52.9809,84.9875,6.1433,444.6098,0.0,0.0,0.5376,0.3377,1.3522,0.3578,40.6124,2.0108,2.537,,0.3903,False,73.4938,41.4458
T031-2,31,tire_pressure_low,False,31.3593,17.018,50.2486,53.0048,87.7651,5.2297,374.6895,0.0,0.0,0.3476,0.3385,0.9466,0.3095,31.3016,6.7128,-0.0249,车辆状况主导,0.4443,True,54.7646,33.5541
T032-1,32,normal,False,31.1752,15.8497,50.1903,52.9806,88.3061,5.2992,380.1104,3.2077,0.0,0.3237,0.338,0.8548,0.3369,27.3117,2.0199,-3.034,,0.45,False,64.2089,27.8748
T032-2,32,normal,False,31.2822,16.3628,50.4123,53.1966,88.1076,5.2641,375.9325,0.0,0.0,0.3342,0.3392,0.7674,0.3329,28.264,-11.5179,-21.8752,,0.4423,False,100.0,25.3448
T033-1,33,normal,False,31.3254,14.5921,49.879,52.6577,89.0709,5.3074,383.0757,0.0,0.0,0.2981,0.3376,0.8507,0.3253,30.1034,-4.7896,-11.5446,,0.4405,False,99.3572,28.7275
T033-2,33,normal,False,31.145,28.4038,50.2248,52.9908,84.5751,5.2497,376.3048,0.0,0.0,0.5802,0.337,1.1653,0.3447,39.627,-6.939,-13.6152,,0.4295,False,100.0,37.0557
T034-1,34,aggressive_driving,False,30.424,33.1192,50.2877,53.5171,79.2476,6.0649,434.196,0.0,0.0,0.6765,0.3322,1.6297,0.3583,49.3406,0.9714,8.4262,,0.4718,False,76.7342,49.8246
T034-2,34,normal,False,31.2092,24.5967,49.5538,52.366,85.3442,5.4027,392.512,0.0,0.0,0.5024,0.3354,1.2482,0.3531,41.6089,-7.393,-4.1461,,0.3951,False,100.0,38.7445
T035-1,35,normal,False,31.3864,27.3189,49.89,52.7273,84.8022,5.413,390.6153,0.0,0.0,0.558,0.3366,1.3973,0.3575,41.7092,2.583,3.3039,,0.3894,False,77.6634,42.8151
T035-2,35,normal,False,31.1809,20.999,50.2918,53.0647,86.0113,5.2551,376.1914,0.0,0.0,0.4289,0.3373,1.1322,0.3524,37.4481,-6.2849,-2.0042,,0.4409,False,96.6714,35.2337
T036-1,36,excessive_idling,False,30.8168,33.1039,38.6162,51.1309,83.9925,24.511,2285.1165,0.0,0.0,0.6761,0.3207,1.3924,0.3468,45.8916,-1.5562,8.6633,驾驶行为主导,0.5439,True,80.0,45.1884
T036-2,36,normal,False,30.8853,30.303,49.1391,52.0153,83.8268,5.5639,407.6372,0.0,0.0,0.6189,0.3257,1.3873,0.3469,44.2873,-1.0725,-2.2356,,0.4,False,98.1082,43.8173
T037-1,37,tire_pressure_low,False,30.1498,30.9263,48.1135,51.2971,78.8209,6.2456,467.3334,3.3168,0.0,0.6317,0.3177,1.4079,0.3111,44.6633,9.9146,15.1594,驾驶行为与车辆状况共同作用,0.5022,True,21.9376,49.5788
T037-2,37,normal,False,31.4831,15.3428,50.0593,52.905,88.546,5.4103,389.0972,0.0,0.0,0.3134,0.3381,0.8667,0.336,31.5971,-11.4807,-12.6329,,0.4619,False,99.9514,28.3431
T038-1,38,normal,False,31.0992,25.8965,49.6881,52.5119,80.0527,5.4098,391.9712,0.0,0.0,0.5289,0.3313,1.2323,0.3471,40.5131,-4.1002,-3.7183,,0.4029,False,98.736,38.9174
T038-2,38,normal,False,31.5347,20.0434,49.9934,52.7608,86.5839,5.2754,379.8985,0.0,0.0,0.4094,0.3376,0.9199,0.3395,30.7395,-3.318,-12.5869,,0.4315,False,100.0,29.7523
T039-1,39,combustion_degraded,False,30.5755,34.3404,48.4428,51.2485,83.8558,5.5098,409.4781,0.0,0.0,0.7014,0.3186,1.4323,0.3145,44.6945,10.4062,11.3042,车辆状况主导,0.4701,True,53.757,49.8858
T039-2,39,normal,False,31.3246,28.9354,50.4129,53.3234,84.6164,5.4895,392.0237,0.0,0.0,0.5911,0.3395,1.4142,0.3598,44.7323,-3.9021,4.5209,,0.4379,False,99.0011,43.0523
